Абазинский муниципальный район;26
Абанский район;32
Абатский муниципальный район;79
Абдулинский городской округ;48
Абзелиловский муниципальный район;5
Абинский муниципальный район;31
Абыйский район;69
Агаповский муниципальный район;85
Агинский муниципальный район;18
Агрызский район;61
Агульский муниципальный район;15
Адамовский район;48
Адмиралтейский район;67
Адыге-Хабльский муниципальный район;26
Азнакаевский район;61
Азовский немецкий национальный муниципальный район;47
Азовский район;64
Акбулакский район;48
Акимовский район;19
Аксайский район;64
Аксубаевский район;61
Актанышский район;61
Акушинский муниципальный район;15
Акшинский муниципальный округ;18
Алагирский муниципальный район;60
Аларский район;21
Алатырский муниципальный округ;87
Алданский район;69
Алейский район;1
Александро-Невский район;65
Александрово-Гайский муниципальный район;68
Александрово-Заводский муниципальный округ;18
Александровский муниципальный округ;51
Александровский муниципальный округ;74
Александровский район;9
Александровский район;48
Александровский район;77
Алексеевский ГО;6
Алексеевский муниципальный район;66
Алексеевский район;61
Алешкинский МО;84
Аликовский муниципальный округ;87
Аллаиховский район;69
Алнашский район;80
Алтайский район;1
Алтайский район;63
Алькеевский район;61
Альменевский муниципальный округ;34
Альметьевский район;61
Альшеевский муниципальный район;5
Амвросиевский район;16
Амгинский район;69
Амурский район;82
Анабарский район;69
Анадырский муниципальный район;88
Ангарский район;21
Андреапольский муниципальный округ;76
Андроповский муниципальный округ;74
Анжеро-Судженский городской округ;28
Аннинский р-н;12
Антрацитовский район;38
Антроповский муниципальный район;30
Анучинский муниципальный округ;52
Апанасенковский муниципальный округ;74
Апастовский район;61
Апшеронский муниципальный район;31
Арбажский муниципальный округ;29
Аргаяшский муниципальный район;85
Ардатовский муниципальный округ;44
Ардатовский район;40
Ардонский муниципальный район;60
Арзгирский муниципальный округ;74
Аркадакский муниципальный район;68
Армизонский муниципальный район;79
Аромашевский муниципальный район;79
Арсеньевский городской округ;52
Арский район;61
Артемовский городской округ;52
Архангельский муниципальный район;5
Архаринский муниципальный округ;2
Асекеевский район;48
Асиновский район;77
Аскизский район;63
Аскинский муниципальный район;5
Аткарский муниципальный район;68
Атнинский район;61
Атюрьевский район;40
Атяшевский район;40
Аургазинский муниципальный район;5
Афанасьевский муниципальный округ;29
Ахвахский муниципальный район;15
Ахтубинский муниципальный район;4
Ахтынский муниципальный район;15
Ачинский район;32
Ачхой-Мартановский муниципальный район;86
Ашинский муниципальный район;85
Аяно-Майский район;82
Бабаевский округ;11
Бабаюртовский муниципальный район;15
Бабушкинский округ;11
Бабынинский район;24
Бавлинский район;61
Багаевский район;64
Баганский район;46
Багратионовский муниципальный округ;23
Баевский район;1
Базарно-Карабулакский муниципальный район;68
Базарносызганский муниципальный район;81
Бай-Тайгинский район;62
Байкаловский муниципальный район;71
Баймакский муниципальный район;5
Бакалинский муниципальный район;5
Баксанский муниципальный район;22
Бакчарский район;77
Балаганский район;21
Балаковский муниципальный район;68
Балахнинский муниципальный округ;44
Балахтинский район;32
Балашиха городской округ;41
Балашовский муниципальный район;68
Балезинский район;80
Балейский муниципальный район;18
Балтайский муниципальный район;68
Балтасинский район;61
Балтачевский муниципальный район;5
Балтийский городской округ;23
Барабинский район;46
Баргузинский район;8
Бардымский муниципальный округ;51
Барун-Хемчикский район;62
Барышский муниципальный район;81
Барятинский район;24
Батецкий муниципальный район;45
Батыревский муниципальный округ;87
Баунтовский эвенкийский район;8
Бахчисарайский район;33
Башмаковский;50
Баяндаевский район;21
Бежаницкий район;53
Бежецкий муниципальный округ;76
Безенчукский муниципальный район;66
Бейский район;63
Бековский;50
Белгородский район;6
Белебеевский муниципальный район;5
Белинский;50
Беловодский район;38
Беловский городской округ;28
Беловский муниципальный округ;28
Беловский район;35
Белоглинский муниципальный район;31
Белогорский муниципальный округ;2
Белогорский район;33
Белозерский муниципальный округ;34
Белозерский округ;11
Белокалитвинский район;64
Белокатайский муниципальный район;5
Белокуракинский район;38
Беломорский муниципальный район;27
Белорецкий муниципальный район;5
Белореченский муниципальный район;31
Белохолуницкий район;29
Белоярский муниципальный район;83
Бельский муниципальный округ;76
Беляевский район;48
Бердюжский муниципальный район;79
Березовский городской округ;28
Березовский муниципальный округ;51
Березовский муниципальный район;83
Березовский район;32
Бериславский МО;84
Бессоновский;50
Бижбулякский муниципальный район;5
Бийский район;1
Бикинский район;82
Билибинский муниципальный район;88
Бирилюсский район;32
Биробиджанский муниципальный район;17
Бирский муниципальный район;5
Бичурский район;8
Благоварский муниципальный район;5
Благовещенский муниципальный округ;2
Благовещенский муниципальный район;5
Благовещенский район;1
Бобровский р-н;12
Богатовский муниципальный район;66
Богородский городской округ;41
Богородский муниципальный округ;29
Богородский муниципальный округ;44
Боготольский район ;32
Боградский район;63
Богучанский район;32
Богучарский р-н;12
Бодайбинский район;21
Боковский район;64
Бокситогорский муниципальный район;36
Бологовский муниципальный округ;76
Болотнинский район;46
Болховский район;49
Большеберезниковский район;40
Большеболдинский муниципальный округ;44
Большеглушицкий муниципальный район;66
Большеигнатовский район;40
Большемурашкинский муниципальный округ;44
Большемуртинский район;32
Большереченский муниципальный район;47
Большесельский;90
Большесолдатский район;35
Большесосновский муниципальный округ;51
Большеуковский муниципальный район;47
Большеулуйский район;32
Большечерниговский муниципальный район;66
Бондарский МО;75
Борзинский муниципальный район;18
Борисовский район;6
Борисоглебский;90
Боровичский муниципальный район;45
Боровский район;24
Борский муниципальный район;66
Ботлихский муниципальный район;15
Боханский район;21
Брасовский район;7
Братский район;21
Брединский муниципальный район;85
Брейтовский;90
Бронницы городской округ;41
Брюховецкий муниципальный район;31
Брянский район;7
Бугульминский район;61
Бугурусланский район;48
Буденновский муниципальный округ;74
Буздякский муниципальный район;5
Бузулукский район;48
Буинский район;61
Буйнакский муниципальный район;15
Буйский муниципальный район;30
Булунский район;69
Бураевский муниципальный район;5
Бурейский муниципальный округ;2
Бурзянский муниципальный район;5
Бурлинский район;1
Бутурлиновский р-н;12
Бутурлинский муниципальный округ;44
Быстринский муниципальный район;25
Быстроистокский район;1
Вавожский район;80
Вагайский муниципальный район;79
Вадинский;50
Вадский муниципальный округ;44
Валдайский муниципальный район;45
Валуйский ГО;6
Ванинский район;82
Варгашинский муниципальный округ;34
Варнавинский муниципальный округ;44
Варненский муниципальный район;85
Василеостровский район;67
Васильевский район;19
Вачский муниципальный округ;44
Вашкинский район;11
Веденский муниципальный район;86
Вейделевский район;6
Велижский район;73
Великий Новгород;45
Великолукский район;53
Великоустюгский округ;11
Вельский район;3
Венгеровский район;46
Верхнебуреинский район;82
Верхневилюйский район;69
Верхнедонской район;64
Верхнекамский муниципальный округ;29
Верхнекетский район;77
Верхнеколымский район;69
Верхнеландеховский район;20
Верхнемамонский р-н;12
Верхнетоемский округ;3
Верхнеуральский муниципальный район;85
Верхнеуслонский район;61
Верхнехавский р-н;12
Верховажский округ;11
Верховский район;49
Верхошижемский район;29
Верхоянский район;69
Веселовский район;19
Веселовский район;64
Весьегонский муниципальный округ;76
Ветлужский муниципальный округ;44
Вешкаймский муниципальный район;81
Викуловский муниципальный район;79
Вилегодский округ;3
Вилюйский район;69
Вилючинский городской округ;25
Виноградовский округ;3
Вичугский район;20
Владивостокский городской округ;52
Власиха городской округ;41
Внутригородское муниципальное образование города Севастополя - Балаклавского муниципального округа;72
Внутригородское муниципальное образование города Севастополя - Балаклавского муниципального округа, г. Инкерман;72
Внутригородское муниципальное образование города Севастополя - Балаклавского муниципального округа, с. Орлиное;72
Внутригородское муниципальное образование города Севастополя - Балаклавского муниципального округа, с. Терновка;72
Внутригородское муниципальное образование города Севастополя - Гагаринского муниципального округа;72
Внутригородское муниципальное образование города Севастополя - Ленинского муниципального округа;72
Внутригородское муниципальное образование города Севастополя - Нахимовского муниципальнго округа,с. Орловка;72
Внутригородское муниципальное образование города Севастополя - Нахимовского муниципального округа;72
Внутригородское муниципальное образование города Севастополя - Нахимовского муниципального округа, п.Андреевка;72
Внутригородское муниципальное образование города Севастополя - Нахимовского муниципального округа, ПГТ. Кача;72
Внутригородское муниципальное образование города Севастополя - Нахимовского муниципального округа, с. Фронтовое;72
Внутригородское муниципальное образование города Севастополя - Нахимовского муниципального округа,с. Верхнесадовое;72
Внутригородское муниципальное образование города Севастополя Нахимовского муниципального округа;72
Вожегодский округ;11
Вознесенский муниципальный округ;44
Волгоградская обл, Алексеевский р-н;10
Волгоградская обл, Быковский р-н;10
Волгоградская обл, Волгоград г (Ворошиловский район);10
Волгоградская обл, Волгоград г (Дзержинский район);10
Волгоградская обл, Волгоград г (Кировский район);10
Волгоградская обл, Волгоград г (Красноармейский район);10
Волгоградская обл, Волгоград г (Краснооктябрьский район);10
Волгоградская обл, Волгоград г (Советский район);10
Волгоградская обл, Волгоград г (Тракторозаводский район);10
Волгоградская обл, Волгоград г (Центральный район);10
Волгоградская обл, Волжский г;10
Волгоградская обл, Городищенский р-н;10
Волгоградская обл, Даниловский р-н;10
Волгоградская обл, Дубовский р-н;10
Волгоградская обл, Еланский р-н;10
Волгоградская обл, Жирновский р-н;10
Волгоградская обл, Иловлинский р-н;10
Волгоградская обл, Калачевский р-н;10
Волгоградская обл, Камышин г;10
Волгоградская обл, Камышинский р-н;10
Волгоградская обл, Киквидзенский р-н;10
Волгоградская обл, Клетский р-н;10
Волгоградская обл, Котельниковский р-н;10
Волгоградская обл, Котовский р-н;10
Волгоградская обл, Кумылженский р-н;10
Волгоградская обл, Ленинский р-н;10
Волгоградская обл, Михайловка г;10
Волгоградская обл, Нехаевский р-н;10
Волгоградская обл, Николаевский р-н;10
Волгоградская обл, Новоаннинский р-н;10
Волгоградская обл, Новониколаевский р-н;10
Волгоградская обл, Октябрьский р-н;10
Волгоградская обл, Ольховский р-н;10
Волгоградская обл, Палласовский р-н;10
Волгоградская обл, Руднянский р-н;10
Волгоградская обл, Светлоярский р-н;10
Волгоградская обл, Серафимовичский р-н;10
Волгоградская обл, Среднеахтубинский р-н;10
Волгоградская обл, Старополтавский р-н;10
Волгоградская обл, Суровикинский р-н;10
Волгоградская обл, Урюпинск г;10
Волгоградская обл, Урюпинский р-н;10
Волгоградская обл, Фролово г;10
Волгоградская обл, Фроловский р-н;10
Волгоградская обл, Чернышковский р-н;10
Волгодонской район;64
Волжский муниципальный район;66
Волжский район;59
Волновахский район;16
Воловский округ;37
Вологодский округ;11
Володарский муниципальный округ;44
Володарский муниципальный район;4
Володарский район;16
Волоколамский городской округ;41
Волоконовский район;6
Волосовский муниципальный район;36
Волотовский муниципальный район;45
Волховский муниципальный район;36
Волчихинский район;1
Вольский муниципальный район;68
Воробьевский р-н;12
Воскресенск городской округ;41
Воскресенский муниципальный округ;44
Воскресенский муниципальный район;68
Восход;41
Воткинский район;80
Вохомский муниципальный район;30
Всеволожский муниципальный район;36
Вурнарский муниципальный округ;87
Выборгский муниципальный район;36
Выборгский район;67
Выгоничский район;7
Выселковский муниципальный район;31
Высокогорский район;61
Вытегорский район;11
Вышневолоцкий городской округ;76
Вяземский район;73
Вяземский район;82
Вятскополянский район;29
г. Абаза;63
г. Абакан;63
г. Ак-Довурак;62
г. Алатырь;87
г. Алчевск;38
г. Апатиты с подведомственной территорией;42
г. Архангельск;3
г. Байконур;13
г. Белгород;6
г. Бердск;46
г. Биробиджан;17
г. Брянка;38
г. Бугуруслан;48
г. Бузулук;48
г. Великие Луки;53
г. Волжск;59
г. Воткинск;80
г. Вятские Поляны;29
г. Глазов;80
г. Горловка;16
г. Городовиковск;57
г. Дебальцево;16
г. Десногорск;73
г. Димитровград;81
г. Докучаевск;16
г. Донецк;16
г. Енакиево;16
г. Ждановка;16
г. Железногорск;35
г. Заречный;50
г. Ижевск;80
г. Искитим;46
г. Йошкар-Ола;59
г. Казань;61
г. Канаш;87
г. Киров;29
г. Кирово-Чепецк;29
г. Кировск;38
г. Кировск с подведомственной территорией;42
г. Кировское;16
г. Ковров;9
г. Козьмодемьянск;59
г. Комсомольск-на-Амуре;82
г. Коряжма;3
г. Котельнич;29
г. Котлас;3
г. Красный Луч;38
г. Кузнецк;50
г. Курск;35
г. Курчатов;35
г. Кызыл;62
г. Луганск;38
г. Льгов;35
г. Макеевка;16
г. Мариуполь;16
г. Медногорск;48
г. Мелитополь;19
г. Мирный;3
г. Можга;80
г. Мончегорск с подведомственной территорией;42
г. Мурманск;42
г. Набережные Челны;61
г. Нижний Новгород;44
г. Новоазовск;16
г. Новодвинск;3
г. Новосибирск;46
г. Новотроицк;48
г. Новоульяновск;81
г. Новочебоксарск;87
г. Обь;46
г. Оленегорск с подведомственной территорией;42
г. Оренбург;48
г. Орск;48
г. Пенза;50
г. Первомайск;38
г. Полярные Зори с подведомственной территорией;42
г. Псков;53
г. Ровеньки;38
г. Рыльск;35
г. Санкт-Петербург;67
г. Сарапул;80
г. Саяногорск;63
г. Северобайкальск;8
г. Северодвинск;3
г. Северодонецк;38
г. Слободской;29
г. Смоленск;73
г. Снежное;16
г. Сорск;63
г. Стаханов;38
г. Торез;16
г. Улан-Удэ;8
г. Ульяновск;81
г. Хабаровск;82
г. Харцызск;16
г. Чебоксары;87
г. Черногорск;63
г. Чита;18
г. Шахтерск;16
г. Шумерля;87
г. Щигры;35
г. Якутск;69
г. Ясиноватая;16
г.Азов;64
г.Алейск;1
г.Барнаул;1
г.Батайск;64
г.Белокуриха;1
г.Бердянск;19
г.Бийск;1
г.Волгодонск;64
г.Гуково;64
г.Донецк;64
г.Елец;37
г.Заринск;1
г.Зверево;64
г.Калуга;24
г.Каменск-Шахтинский;64
г.Камень-на-Оби;1
г.Кедровый;77
г.Лагань;57
г.Ливны;49
г.Липецк;37
г.Магадан;39
г.Мценск;49
г.Новоалтайск;1
г.Новочеркасск;64
г.Новошахтинск;64
г.о. Вичуга;20
г.о. Иваново;20
г.о. Кинешма;20
г.о. Кирсанов;75
г.о. Котовск;75
г.о. Кохма;20
г.о. Мичуринск;75
г.о. Моршанск;75
г.о. Обнинск;24
г.о. Рассказово;75
г.о. Саранск;40
г.о. Тамбов;75
г.о. Тейково;20
г.о. Уварово;75
г.о. Шуя;20
г.о.Вичуга;20
Г.о.г. Борисоглебск;12
Г.о.г. Воронеж;12
Г.о.г. Нововоронеж;12
г.о.Кинешма;20
г.о.Кохма;20
г.о.Шуя;20
г.Орел;49
г.Ростов-на-Дону (Ворошиловский район);64
г.Ростов-на-Дону (ЖД район);64
г.Ростов-на-Дону (Кировский район);64
г.Ростов-на-Дону (Ленинский район);64
г.Ростов-на-Дону (Октябрьский район);64
г.Ростов-на-Дону (Первомайский район);64
г.Ростов-на-Дону (Пролетарский район);64
г.Ростов-на-Дону (Советский район);64
г.Рубцовск;1
г.Славгород;1
г.Таганрог;64
г.Шахты;64
г.Элиста;57
г.Яровое;1
Гаврилов-Ямский;90
Гаврилово-Посадский район;20
Гавриловский МО;75
Гагаринский район;73
Гагинский муниципальный округ;44
Газимуро-Заводский муниципальный округ;18
Гайнский муниципальный округ;51
Гайский городской округ;48
Галичский муниципальный район;30
Гатчинский муниципальный район;36
Гафурийский муниципальный район;5
Гвардейский муниципальный округ;23
Гдовский район;53
Генический МО;84
Гергебильский муниципальный район;15
Гиагинский район;54
Глазовский район;80
Глазуновский район;49
Глинковский район;73
Глушковский район;35
ГО Жатай;69
Гордеевский район;7
Горномарийский район;59
Горный район;69
Город Адыгейск;54
город Ачинск;32
город Белогорск;2
город Благовещенск;2
город Боготол;32
город Бородино;32
город Братск;21
город Владимир;9
Город Вологда;11
город Вязники;9
город Горно-Алтайск;55
город Гороховец;9
город Гусь-Хрустальный;9
город Дивногорск;32
город Енисейск;32
город Зея;2
город Зима;21
город Иркутск;21
город Канск;32
город Касимов;65
Город Клинцы;7
город Красноярск;32
город Лесосибирск;32
Город Майкоп;54
город Минусинск;32
город Москва;41
город Муром;9
город Назарово;32
Город Новозыбков;7
город Норильск;32
Город Омск;47
город Райчихинск;2
город Рязань;65
город Сасово;65
город Саянск;21
город Свирск;21
город Свободный;2
город Сельцо;7
город Скопин;65
город Сосновоборск;32
город Стрежевой;77
город Томск;77
город Тулун;21
город Тында;2
город Усолье-Сибирское;21
город Усть-Илимск;21
Город Фокино;7
город Черемхово;21
город Череповец;11
город Шарыпово;32
город Шимановск;2
Городецкий муниципальный округ;44
Городищенский;50
Городовиковский район;57
"Городской округ ""Город Калининград""";23
"городской округ ""Город Нарьян-Мар""";43
"Городской округ ""Город Саратов""";68
"Городской округ ""поселок Палана""";25
Городской округ Алапаевское;71
Городской округ Александровск-Сахалинский район;70
городской округ Анадырь;88
Городской округ Анивский;70
Городской округ Арамильский;71
Городской округ Артемовский;71
Городской округ Артинский;71
Городской округ Асбестовский;71
Городской округ Ачитский;71
Городской округ Баксан;22
Городской округ Белоярский;71
Городской округ Березовский;71
Городской округ Бисертский;71
Городской округ Благодарненский;74
Городской округ Богданович;71
городской округ Большой Камень;52
Городской округ Верещагинский;51
Городской округ Верх-Нейвинский;71
Городской округ Верхнее Дуброво;71
Городской округ Верхнесалдинский;71
Городской округ Верхнеуфалейский;85
Городской округ Верхний Тагил;71
Городской округ Верхняя Пышма;71
Городской округ Верхняя Тура;71
Городской округ Верхотурский;71
Городской округ Волчанский;71
Городской округ Воротынский;44
Городской округ Гаринский;71
Городской округ Георгиевский;74
Городской округ Голышмановский;79
Городской округ Горнозаводский;51
Городской округ Горноуральский;71
Городской округ город Агидель;5
Городской округ город Алапаевск;71
Городской округ город Аргун;86
Городской округ город Арзамас;44
Городской округ город Армавир;31
Городской округ город Астрахань;4
Городской округ город Березники;51
Городской округ город Бор;44
Городской округ город Брянск;7
Городской округ город Буй;30
Городской округ город Буйнакск;15
Городской округ город Владикавказ;60
Городской округ город Волгореченск;30
Городской округ город Выкса;44
Городской округ город Галич;30
Городской округ город Горячий Ключ;31
Городской округ город Грозный;86
Городской округ город Губкинский;89
Городской округ город Дагестанские Огни;15
Городской округ город Дербент;15
Городской округ город Дзержинск;44
Городской округ город Екатеринбург;71
Городской округ город Избербаш;15
Городской округ город Ирбит;71
Городской округ город Ишим;79
Городской округ город Каменск-Уральский;71
Городской округ город Карабулак;56
Городской округ город Каспийск;15
Городской округ Город Кизел;51
Городской округ город Кизилюрт;15
Городской округ город Кизляр;15
Городской округ город Кострома;30
Городской округ город Краснодар;31
Городской округ город Кулебаки;44
Городской округ город Кумертау;5
Городской округ город Курган;34
Городской округ город Лабытнанги;89
Городской округ город Лермонтов;74
Городской округ город Лесной;71
Городской округ город Магас;56
Городской округ город Малгобек;56
Городской округ город Махачкала;15
Городской округ город Муравленко;89
Городской округ город Назрань;56
Городской округ город Невинномысск;74
Городской округ город Нефтекамск;5
Городской округ город Нижний Тагил;71
Городской округ город Новороссийск;31
Городской округ город Новый Уренгой;89
Городской округ город Ноябрьск;89
городской округ город Октябрьский;5
Городской округ город Первомайск;44
Городской округ город Петровск-Забайкальский;18
Городской округ город Салават;5
Городской округ город Салехард;89
Городской округ город Саров;44
Городской округ город Сибай;5
Городской округ город Ставрополь;74
Городской округ город Стерлитамак;5
Городской округ город Сунжа;56
Городской округ город Тобольск;79
Городской округ город Тюмень;79
Городской округ город Уфа;5
Городской округ город Хасавюрт;15
Городской округ город Чита;18
Городской округ город Чкаловск;44
Городской округ город Шадринск;34
Городской округ город Шарья;30
Городской округ город Шахунья;44
Городской округ город Южно-Сахалинск;70
Городской округ город Южно-Сухокумск;15
Городской округ город Ялуторовск;79
Городской округ город-курорт Анапа;31
Городской округ город-курорт Геленджик;31
Городской округ город-курорт Ессентуки;74
Городской округ город-курорт Железноводск;74
Городской округ город-курорт Кисловодск;74
Городской округ город-курорт Пятигорск;74
Городской округ город-курорт Сочи;31
Городской округ Дегтярск;71
Городской округ Дзержинск;44
Городской округ Добрянский;51
Городской округ Долинский;70
городской округ Жигулевск;66
Городской округ Заводоуковский;79
Городской округ Заречный;71
Городской округ ЗАТО город Межгорье;5
Городской округ ЗАТО Знаменск;4
Городской округ ЗАТО Свободный;71
городской округ ЗАТО Фокино;52
Городской округ Златоустовский;85
Городской округ Ивдельский;71
Городской округ Изобильненский;74
Городской округ Ильинский;51
Городской округ Ипатовский;74
Городской округ Ирбитское;71
Городской округ Каменский;71
Городской округ Камышловский;71
Городской округ Карабашский;85
Городской округ Карачаевский;26
Городской округ Карпинск;71
Городской округ Качканарский;71
городской округ Кинель;66
Городской округ Кировградский;71
Городской округ Кировский;74
Городской округ Когалым;83
Городской округ Копейский;85
Городской округ Корсаковский;70
Городской округ Красновишерский;51
Городской округ Краснокамский;51
Городской округ Красноперекопск Республики Крым;33
Городской округ Краснотурьинск;71
Городской округ Красноуральск;71
Городской округ Красноуфимск;71
Городской округ Красноуфимский округ;71
Городской округ Курильский;70
Городской округ Кушвинский;71
Городской округ Кыштымский;85
Городской округ Лангепас;83
Городской округ Локомотивный;85
Городской округ Лысьвенский;51
Городской округ Магнитогорский;85
Городской округ Макаровский;70
Городской округ Малышевский;71
Городской округ Махнёвское;71
Городской округ Мегион;83
Городской округ Миасский;85
Городской округ Минераловодский;74
Городской округ Навашинский;44
Городской округ Нальчик;22
Городской округ Невельский;70
Городской округ Невьянский;71
Городской округ Нефтекумский;74
Городской округ Нефтеюганск;83
Городской округ Нижневартовск;83
Городской округ Нижнетуринский;71
Городской округ Нижняя Салда;71
Городской округ Новоалександровский;74
городской округ Новокуйбышевск;66
Городской округ Новолялинский;71
Городской округ Новоуральский;71
Городской округ Ногликский;70
Городской округ Нытвенский;51
Городской округ Нягань;83
Городской округ Озерский;85
городской округ Октябрьск;66
Городской округ Октябрьский;51
Городской округ Осинский;51
городской округ Отрадный;66
Городской округ Оханский;51
Городской округ Охинский;70
Городской округ Очерский;51
Городской округ Певек;88
Городской округ Пелым;71
Городской округ Первоуральск;71
Городской округ Перевозский;44
Городской округ Пермский;51
Городской округ Петровский;74
Городской округ Покачи;83
Городской округ Полевской;71
Городской округ Поронайский;70
Городской округ поселок Агинское;18
Городской округ поселок Уральский;71
городской округ Похвистнево;66
Городской округ Прохладный;22
Городской округ Пыть-Ях;83
Городской округ Пышминский;71
Городской округ Радужный;83
Городской округ Ревда;71
Городской округ Режевской;71
Городской округ Рефтинский;71
городской округ Самара;66
Городской округ Северо-Курильский;70
Городской округ Североуральский;71
Городской округ Семеновский;44
Городской округ Серовский;71
Городской округ Смирныховский;70
Городской округ Снежинский;85
Городской округ Советский;74
Городской округ Сокольский;44
Городской округ Соликамский;51
Городской округ Сосьвинский;71
городской округ Спасск-Дальний;52
Городской округ Среднеуральск;71
Городской округ Староуткинск;71
Городской округ Суксунский;51
Городской округ Сургут;83
Городской округ Сухой Лог;71
городской округ Сызрань;66
Городской округ Сысертский;71
Городской округ Тавдинский;71
Городской округ Талицкий;71
Городской округ Тверь;76
городской округ Тольятти;66
Городской округ Томаринский;70
Городской округ Торжок;76
Городской округ Трехгорный;85
Городской округ Троицкий;85
Городской округ Тугулымский;71
Городской округ Туринский;71
Городской округ Тымовский;70
Городской округ Углегорский;70
Городской округ Урай;83
Городской округ Усть-Катавский;85
Городской округ Ханты-Мансийск;83
Городской округ Холмский;70
Городской округ Чайковский;51
городской округ Чапаевск;66
Городской округ Чебаркульский;85
Городской округ Чедынский;51
Городской округ Челябинский;85
Городской округ Черкесский;26
Городской округ Чернушинский;51
Городской округ Чусовской;51
Городской округ Шалинский;71
Городской округ Эгвекинот;88
Городской округ Югорск;83
Городской округ Южно-Курильский;70
Городской округ Южноуральский;85
Горшеченский район;35
Горьковский муниципальный район;47
ГОУ;78
ГОУ;90
Грайворонский ГО;6
Граховский район;80
Грачевский муниципальный округ;74
Грачевский район;48
Грибановский р-н;12
Грозненский муниципальный район;86
Грязинский район;37
Грязовецкий округ;11
Губахинский муниципальный округ;51
Губкинский ГО;6
Гудермесский муниципальный район;86
Гулькевичский муниципальный район;31
Гумбетовский муниципальный район;15
Гунибский муниципальный район;15
Гурьевский муниципальный округ;23
Гурьевский муниципальный округ;28
Гусевский городской округ;23
Гусь-Хрустальный район;9
Давлекановский муниципальный район;5
Далматовский муниципальный район;34
Дальнегорский городской округ;52
Дальнеконстантиновский муниципальный округ;44
Дальнереченский городской округ;52
Дальнереченский муниципальный район;52
Даниловский;90
Данковский район;37
Даровской район;29
Дахадаевский муниципальный район;15
Дебёсский район;80
Дедовичский район;53
Демидовский район;73
Демянский муниципальный район;45
Дербентский муниципальный район;15
Дергачевский муниципальный район;68
Джанкойский район;33
Джидинский район;8
Дзержинский городской округ;41
Дзержинский район;24
Дзержинский район;32
Дзун-Хемчикский район;62
Дивеевский муниципальный округ;44
Дигорский муниципальный район;60
Динской муниципальный район;31
Дмитриевский район;35
Дмитровский городской округ;41
Дмитровский район;49
Дновский район;53
Добринский район;37
Добровский округ;37
Доволенский район;46
Докузпаринский муниципальный район;15
Долгопрудный городской округ;41
Долгоруковский район;37
Должанский район;49
Домбаровский район;48
Домодедово городской округ;41
Дорогобужский район;73
Дрожжановский район;61
Дубенский район;40
Дубна городской округ;41
Дубовский район;64
Дубровский район;7
Дуванский муниципальный район;5
Дульдургинский муниципальный район;18
Думиничский район;24
Духовницкий муниципальный район;68
Духовщинский район;73
Дюртюлинский муниципальный район;5
Дятьковский район;7
Егорлыкский район;64
Егорьевск городской округ;41
Егорьевский район;1
Ейский муниципальный район;31
Екатериновский муниципальный район;68
Елабужский район;61
Елецкий район;37
Елизовский муниципальный район;25
Елховский муниципальный район;66
Ельниковский район;40
Ельнинский район;73
Ельцовский район;1
Еманжелинский муниципальный район;85
Емельяновский район;32
Енисейский район;32
Еравнинский район;8
Ермаковский район;32
Ермекеевский муниципальный район;5
Ермишинский район;65
Ершичский район;73
Ершовский муниципальный район;68
Еткульский муниципальный район;85
Жарковский муниципальный округ;76
Железногорский район;35
Жердевский МО;75
Жигаловский район;21
Жиганский район;69
Жиздринский район;24
Жирятинский муниципальный район;7
Жуковский городской округ;41
Жуковский район;7
Жуковский район;24
Забайкальский муниципальный район;18
Заветинский район;64
Завитинский муниципальный округ;2
Заволжский район;20
Завьяловский район;1
Завьяловский район;80
Задонский район;37
Заиграевский район;8
Заинский район;61
Закаменский район;8
Заларинский район;21
Залегощенский район;49
Залесовский район;1
Западнодвинский муниципальный округ;76
Заполярный район НАО;43
Зарайск городской округ;41
Заринский район;1
"ЗАТО ""Озерный""";76
ЗАТО Александровск;42
ЗАТО Видяево;42
ЗАТО г. Островной;42
ЗАТО г. Радужный;9
ЗАТО г. Североморск;42
ЗАТО город Железногорск;32
ЗАТО город Зеленогорск;32
ЗАТО Заозерск;42
ЗАТО Комаровский;48
ЗАТО Первомайский;29
ЗАТО поселок Солнечный;32
ЗАТО Светлый;68
ЗАТО Северск;77
ЗАТО Сибирский;1
ЗАТО Солнечный;76
ЗАТО Циолковский;2
Захаровский район;65
Звёздный городок;41
Звениговский район;59
Звериноголовский муниципальный округ;34
Здвинский район;46
Зейский муниципальный округ;2
Зеленоградский муниципальный округ;23
Зеленодольский район;61
Зеленчукский муниципальный район;26
Земетченский;50
Земетчинский;50
Зерноградский район;64
Зианчуринский муниципальный район;5
Зилаирский муниципальный район;5
Зиминский район;21
Зимовниковский район;64
Злынковский район;7
Змеиногорский район;1
Знаменский МО;75
Знаменский муниципальный район;47
Знаменский район;49
Золотухинский район;35
Зольский муниципальный район;22
Зональный район;1
Зубово-Полянский район;40
Зубцовский муниципальный округ;76
Зуевский район;29
Зырянский район;77
Ибресинский муниципальный округ;87
Ивановский муниципальный округ;2
Ивановский район;20
Ивантеевский муниципальный район;68
Ивнянский район;6
Иволгинский район;8
Иглинский муниципальный район;5
Игринский район;80
Идринский район;32
Ижморский муниципальный округ;28
Измалковский округ;37
Износковский район;24
Ики-Бурульский район;57
Икрянинский муниципальный район;4
Иланский район;32
Илекский район;48
Илишевский муниципальный район;5
Ильинский район ;20
Инжавинский МО;75
Инжавинского МО;75
Инзенский муниципальный район;81
Инсарский район;40
Ирафский муниципальный район;60
Ирбейский район;32
Иркутский район;21
Исаклинский муниципальный район;66
Исетский муниципальный район;79
Исилькульский муниципальный район;47
Искитимский район;46
Иссинский;50
Истра городской округ;41
Итум-Калинский муниципальный район;86
Ичалковский район;40
Ишимбайский муниципальный район;5
Ишимский муниципальный район;79
Каа-Хемский район;62
Кабанский район;8
Кавалеровский муниципальный округ;52
Кавказский муниципальный район;31
Кагальницкий район;64
Кадомский район;65
Кадошкинский район;40
Кадуйский округ;11
Кадыйский муниципальный район;30
Казанский муниципальный район;79
Казачинский район;32
Казачинско-Ленский район;21
Казбековский муниципальный район;15
Кайбицкий район;61
Кайтагский муниципальный район;15
Каланчакский МО;84
Каларский муниципальный район;18
Калачеевский р-н;12
Калачинский муниципальный район;47
Калевальский муниципальный район;27
Калининский муниципальный округ;76
Калининский муниципальный район;31
Калининский муниципальный район;68
Калининский район;67
Калманский район;1
Калтанский городской округ;28
Калтасинский муниципальный район;5
Калязинский муниципальный округ;76
Камбарский район;80
Каменко - Днепровский район;19
Каменский;50
Каменский р-н;12
Каменский район;1
Каменский район;64
Камешкирский;50
Камешковский район;9
Камско-Устьинский район;61
Камызякский муниципальный район;4
Камышлинский муниципальный район;66
Камышловский муниципальный район;71
Канашский муниципальный округ;87
Кандалакшский район;42
Каневской муниципальный район;31
Канский район;32
Кантемировский р-н;12
Карабудахкентский муниципальный район;15
Карагайский муниципальный округ;51
Карагинский муниципальный район;25
Караидельский муниципальный район;5
Каракулинский район;80
Карасукский район;46
Каратузский район;32
Карачаевский муниципальный район;26
Карачевский район;7
Каргапольский муниципальный округ;34
Каргасокский район;77
Каргатский район;46
Каргопольский округ;3
Кардымовский район;73
Кармаскалинский муниципальный район;5
Карсунский муниципальный район;81
Карталинский муниципальный район;85
Карымский муниципальный район;18
Касимовский район;65
Каслинский муниципальный район;85
Касторенский район;35
Катав-Ивановский муниципальный район;85
Катайский муниципальный район;34
Катангский район;21
Качугский район;21
Кашарский район;64
Кашинский городской округ;76
Кашира городской округ;41
Каширский р-н;12
Каякентский муниципальный район;15
Кваркенский район;48
Кежемский район;32
Кезский район;80
Кемеровский городской округ;28
Кемеровский муниципальный округ;28
Кемский муниципальный район;27
Кесовогорский муниципальный округ;76
Кетовский муниципальный округ;34
Кетченеровский район;57
Кигинский муниципальный район;5
Кижингинский район;8
Кизильский муниципальный район;85
Кизилюртовский муниципальный район;15
Кизлярский муниципальный район;15
Кизнерский район;80
Кикнурский муниципальный округ;29
Килемарский район;59
Кильмезский район;29
Кимрский муниципальный округ;76
Кингисеппский муниципальный район;36
Кинель-Черкасский муниципальный район;66
Кинельский муниципальный район;66
Кинешемский район;20
Киренский район;21
Киржачский район;9
Кирилловский округ;11
Киришский муниципальный район;36
Кирово-Чепецкий район;29
Кировский муниципальный район;36
Кировский муниципальный район;52
Кировский муниципальный район;60
Кировский район;67
Кировский район;24
Кировский район;33
Кирсановский МО;75
Киселевский городской округ;28
Кичменгско-Городецкий округ;11
Кишертский муниципальный округ;51
Киясовский район;80
Клепиковский район;65
Клетнянский район;7
Климовский район;7
Клин городской округ;41
Клинцовский муниципальный район;7
Ключевский район;1
Клявлинский муниципальный район;66
Княгининский муниципальный округ;44
Кобяйский район;69
Ковдорский муниципальный округ;42
Ковернинский муниципальный округ;44
Ковровский район;9
Ковылкинский район;40
Кожевниковский район;77
Козельский район;24
Козловский муниципальный округ;87
Козульский район ;32
Кологривский муниципальный округ;30
Коломна городской округ;41
Колосовский муниципальный район;47
Колпашевский район;77
Колпинский район;67
Колпнянский район;49
Колыванский район;46
Колышлейский;50
Кольский район;42
Кольчугинский район;9
Комаричский район;7
Комсомольский муниципальный округ;87
Комсомольский район;20
Комсомольский район;82
Конаковский муниципальный округ;76
Кондинский муниципальный район;83
Кондопожский муниципальный район;27
Коношский район;3
Константиновский муниципальный район;2
Константиновский район;64
Конышевский район;35
Кораблинский район;65
Кореневский район;35
Кореновский муниципальный район;31
Коркинский муниципальный округ;85
Кормиловский муниципальный район;47
Королев городской округ;41
Корочанский район;6
Корсаковский район;49
Косинский муниципальный округ;51
Косихинский район;1
Костомукшский городской округ;27
Костромской муниципальный район;30
Котельники городской округ;41
Котельничский район;29
Котласский округ;3
Кочевский муниципальный округ;51
Коченёвский район;46
Кочковский район;46
Кочкуровский район;40
Кочубеевский муниципальный округ;74
Кош-Агачский район;55
Кошехабльский район;54
Кошкинский муниципальный район;66
Крапивинский муниципальный округ;28
Красненский район;6
Краснинский район;37
Краснинский район;73
Красноармейский муниципальный округ;87
Красноармейский муниципальный район;31
Красноармейский муниципальный район;52
Красноармейский муниципальный район;66
Красноармейский муниципальный район;68
Красноармейский муниципальный район;85
Краснобаковский муниципальный округ;44
Красноборский район;3
Красногвардейский муниципальный округ;74
Красногвардейский район;6
Красногвардейский район;67
Красногвардейский район;48
Красногвардейский район;54
Красногвардейский район;33
Красногородский район;53
Красногорск городской округ;41
Красногорский район;1
Красногорский район;7
Красногорский район;80
Краснодонский район;38
Краснозёрский район;46
Краснознаменск городской округ;41
Краснознаменский муниципальный округ;23
Краснозоренский район;49
Краснокамский муниципальный район;5
Краснокутский муниципальный район;68
Краснооктябрьский муниципальный округ;44
Краснопартизанский муниципальный район;68
Красноперекопский район;33
Красносельский муниципальный район;30
Красносельский район;67
Краснослободский район;40
Красносулинский район;64
Краснотуранский район;32
Краснохолмский муниципальный округ;76
Красночетайский муниципальный округ;87
Красночикойский муниципальный район;18
Краснощёковский район;1
Красноярский муниципальный район;4
Красноярский муниципальный район;66
Краснояружский район;6
Крестецкий муниципальный район;45
Кривошеинский район;77
Кромской район;49
Кронштадтский район;67
Крутинский муниципальный район;47
Крутихинский район;1
Крыловский муниципальный район;31
Крымский муниципальный район;31
Кстовский муниципальный округ;44
Кувандыкский городской округ;48
Кувшиновский муниципальный округ;76
Кугарчинский муниципальный район;5
Кудымкарский муниципальный округ;51
Куединский муниципальный округ;51
Куженерский район;59
Кузнецкий;50
Кузоватовский муниципальный район;81
Куйбышевский район;24
Куйбышевский район;46
Куйбышевский район;64
Куйтунский район;21
Кукморский район;61
Кулинский муниципальный район;15
Кулундинский район;1
Куменский район;29
Кумторкалинский муниципальный район;15
Кунашакский муниципальный район;85
Кунгурский муниципальный округ;51
Куньинский район;53
Купинский район;46
Курагинский район;32
Курахский муниципальный район;15
Курганинский муниципальный район;31
Курманаевский район;48
Курортный район;67
Курский муниципальный округ;74
Курский район;35
Куртамышский муниципальный округ;34
Курумканский район;8
Курчалоевский муниципальный район;86
Курчатовский район;35
Курьинский район;1
Кусинский муниципальный район;85
Кушнаренковский муниципальный район;5
Кущевский муниципальный район;31
Куюргазинский муниципальный район;5
Кызылский район;62
Кыринский муниципальный район;18
Кытмановский район;1
Кыштовский район;46
Кяхтинский район;8
Лабинский муниципальный район;31
Лаганский район;57
Ладушкинский городской округ;23
Лазовский муниципальный округ;52
Лаишевский район;61
Лакский муниципальный район;15
Лахденпохский муниципальный район;27
Лебедянский район;37
Лебяжский муниципальный округ;29
Лебяжьевский муниципальный округ;34
Лев-Толстовский район;37
Левашинский муниципальный район;15
Левокумский муниципальный округ;74
Лежневский район;20
Лежневский район ;20
Ленинградский муниципальный район;31
Лениногорский район;61
Ленинск-Кузнецкий городской округ;28
Ленинск-Кузнецкий муниципальный округ;28
Ленинский городской округ;41
Ленинский муниципальный район;17
Ленинский район;33
Ленский район;3
Ленский район;69
Лескенский муниципальный район;22
Лесной мунициепальный округ;76
Лесозаводский городской округ;52
Лешуконский округ;3
Ливенский район;49
Лиманский муниципальный район;4
Липецкий район;37
Лискинский р-н;12
Лихославльский муниципальный округ;76
Лобня городской округ;41
Ловозерский район;42
Лодейнопольский муниципальный район;36
Локнянский район;53
Локтевский район;1
Ломоносовский муниципальный район;36
Лопатинский;50
Лосино-Петровский городской округ;41
Лотошино городской округ;41
Лоухский муниципальный район;27
Лужский муниципальный район;36
Лузский муниципальный округ;29
Лукояновский муниципальный округ;44
Лунинский;50
Лутугинский район;38
Луховицы городской округ;41
Лухский район;20
Лысковский муниципальный округ;44
Лысогорский муниципальный район;68
Лыткарино городской округ;41
Льва Толстого;24
Льговский район;35
Люберцы городской округ;41
Любимский;90
Любинский муниципальный район;47
Любытинский муниципальный район;45
Людиновский район;24
Лямбирский район;40
Магарамкентский муниципальный район;15
Магдагачинский муниципальный район;2
Мазановский муниципальный район;2
Майкопский район;54
Майминский район;55
Майнский муниципальный район;81
Майский муниципальный район;22
Макарьевский муниципальный район;30
Максатихинский муниципальный округ;76
Макушинский муниципальный округ;34
Малгобекский муниципальный район;56
Малмыжский район;29
Малоархангельский район;49
Маловишерский муниципальный район;45
Малодербетовский район;57
Малодербетосвкий район;57
Малокарачаевский муниципальный район;26
Малопургинский район;80
Малосердобинский;50
Малоярославецкий район;24
Мамадышский район;61
Мамоновский городской округ;23
Мамонтовский район;1
Мангушский муниципальный округ;16
Манский район;32
Мантуровский муниципальный округ;30
Мантуровский район;35
Марёвский муниципальный район;45
Мари-Турекский район;59
Мариинский муниципальный округ;28
Мариинско-Посадский муниципальный округ;87
Марковский район;38
Марксовский муниципальный район;68
Мартыновский район;64
Марьяновский муниципальный район;47
Маслянинский район;46
Матвеево-Курганский район;64
Матвеевский район;48
Мглинский район;7
Мегино-Кангаласский район;69
Медведевский район;59
Медвежьегорский муниципальный район;27
Медвенский район;35
Медынский район;24
Междуреченский городской округ;28
Междуреченский округ;11
Межевской муниципальный округ;30
Мезенский округ;3
Мелекесский муниципальный район;81
Меленковский район;9
Мелеузовский муниципальный район;5
Мелитопольский район;19
Менделеевский район;61
Мензелинский район;61
Мечетлинский муниципальный район;5
Мещовский район;24
Миллеровский район;64
Милославский район;65
Мильковский муниципальный район;25
Милютинский район;64
Минусинский район;32
Мирнинский район;69
Михайловский муниципальный район;2
Михайловский муниципальный район;52
Михайловский район;1
Михайловский район;19
Михайловский район;65
Мичуринский МО;75
Мишкинский муниципальный округ;34
Мишкинский муниципальный район;5
Миякинский муниципальный район;5
"МО ""Город Шиханы""";68
"МО ""посёлок Михайловский""";68
"МО ""Судогодский район""";9
МО Алексинский район;78
МО Арсеньевский район;78
МО Белевский район;78
МО Богородицкий район;78
МО Веневский район;78
МО Воловский район;78
"МО ГО ""Воркута""";58
"МО ГО ""Сыктывкар""";58
МО город Донской;78
МО город Новомосковск;78
МО город Тула;78
МО Дубенский район;78
МО Ефремовский район;78
МО Заокский район;78
МО Каменский район;78
МО Кимовский район;78
МО Киреевский район;78
МО Куркинский район;78
"МО МО ""Вуктыл""";58
"МО МО ""Инта""";58
"МО МО ""Усинск""";58
"МО МО ""Ухта""";58
"МО МР ""Ижемский""";58
"МО МР ""Княжпогостский""";58
"МО МР ""Койгородский""";58
"МО МР ""Корткеросский""";58
"МО МР ""Печора""";58
"МО МР ""Прилузский""";58
"МО МР ""Сосногорск""";58
"МО МР ""Сыктывдинский""";58
"МО МР ""Сысольский""";58
"МО МР ""Троицко-Печорский""";58
"МО МР ""Удорский""";58
"МО МР ""Усть-Вымский""";58
"МО МР ""Усть-Куломский""";58
"МО МР ""Усть-Цилемский""";58
МО Одоевский район;78
МО Плавский район;78
МО рабочий поселок Новогуровский;78
МО Славный;78
МО Суворовский район;78
МО Тепло-Огаревский район;78
МО Узловский район;78
МО Чернский район;78
МО Щекинский район;78
МО Ясногорский район;78
Могойтуйский муниципальный район;18
Могочинский муниципальный район;18
Можайский городской округ;41
Можгинский район;80
Моздокский муниципальный район;60
Мокроусовский муниципальный округ;34
Мокшанский;50
Молодежный городской округ;41
Молоковский муниципальный округ;76
Молчановский район;77
Момский район;69
Монастырщинский район;73
Монгун-Тайгинский район;62
Моргаушский муниципальный округ;87
Мордовский МО;75
Моркинский район;59
Морозовский район;64
Моршанский МО;75
Мосальский район;24
Москаленский муниципальный район;47
Московский район;67
Мостовский муниципальный район;31
Мотыгинский район;32
Мошенской муниципальный район;45
Мошковский район;46
Муезерский муниципальный район;27
Муйский район;8
Муниципальное образование городской округ Алушта;33
Муниципальное образование городской округ Армянск;33
Муниципальное образование городской округ Джанкой;33
Муниципальное образование городской округ Евпатория;33
Муниципальное образование городской округ Керчь;33
Муниципальное образование городской округ Саки;33
Муниципальное образование городской округ Симферополь;33
Муниципальное образование городской округ Судак;33
Муниципальное образование городской округ Феодосия;33
Муниципальное образование городской округ Ялта;33
Муниципальный округ Красноселькупский район;89
Муниципальный округ Надымский район;89
Муниципальный округ Приуральский район;89
Муниципальный округ Пуровский район;89
Муниципальный округ Тазовский район;89
Муниципальный округ Шурышкарский район;89
Муниципальный округ Ямальский район;89
"Муниципальный район ""Нерчинский район""";18
"Муниципальный район ""Хилокский район""";18
Муниципальный район Город Краснокаменск и Краснокаменский район;18
Муниципальный район город Нерехта и Нерехтский район;30
Мурашинский муниципальный округ;29
Муромский район;9
Муромцевский муниципальный район;47
Муслюмовский район;61
Мухоршибирский район;8
Мучкапский МО;75
Мценский район;49
Мысковский городской округ;28
Мытищи городской округ;41
Мышкинский;90
Мясниковский район;64
Навлинский район;7
Нагайбакский муниципальный район;85
Нагорский район;29
Надеждинский муниципальный район;52
Надтеречный муниципальный район;86
Назаровский район;32
Назрановский муниципальный район;56
Называевский муниципальный район;47
Намский район;69
Нанайский район;82
Наримановский муниципальный район;4
Наро-Фоминский городской округ;41
"Наровчатский
";50
Наурский муниципальный район;86
Находкинский городской округ;52
Невельский район;53
Неверкинский;50
Невский район;67
Нейский муниципальный округ;30
Неклиновский район;64
Некоузский;90
Некрасовский;90
Нелидовский городской округ;76
Неманский муниципальный округ;23
Немецкий национальный район;1
Немский муниципальный округ;29
Нерчинский муниципальный район;18
Нерюнгринский район;69
Нестеровский муниципальный округ;23
Нефтегорский муниципальный район;66
Нефтеюганский муниципальный район;83
Нижневартовский муниципальный район;83
Нижнегорский район;33
Нижнедевицкий р-н;12
Нижнеилимский район;21
Нижнеингашский район;32
Нижнекамский район;61
Нижнеколымский район;69
Нижнеломовский;50
Нижнеомский муниципальный район;47
Нижнесергинский муниципальный район;71
Нижнесерогозский МО;84
Нижнетавдинский муниципальный район;79
Нижнеудинский район;21
Никифоровский МО;75
Николаевский муниципальный район;81
Николаевский район;82
Никольский;50
Никольский округ;11
Никольский район;11
Новгородский муниципальный район;45
Новичихинский район;1
Новоазовский район;16
Новоайдарский район;38
Новобурасский муниципальный район;68
Нововаршавский муниципальный район;47
Новодеревеньковский район;49
Новодугинский район;73
Новозыбковский городской округ;7
Новокаховский МО;84
Новокубанский муниципальный район;31
Новокузнецкий городской округ;28
Новокузнецкий муниципальный округ;28
Новолакский муниципальный район;15
Новомалыклинский муниципальный район;81
Новоорский район;48
Новооскольский ГО;6
Новопокровский муниципальный район;31
Новопсковский район;38
Новоржевский район;53
Новоселицкий муниципальный округ;74
Новоселовский район;32
Новосергиевский район;48
Новосибирский район;46
Новосильский район;49
Новосокольнический район;53
Новоспасский муниципальный район;81
Новоторъяльский район;59
Новотроицкий МО;84
Новоузенский муниципальный район;68
Новоусманский р-н;12
Новохоперский р-н;12
Новошешминский район;61
Ногайский муниципальный район;26
Ногайский муниципальный район;15
Ножай-Юртовский муниципальный район;86
Нолинский район;29
Нукутский район;21
Нуримановский муниципальный район;5
Нурлатский район;61
Нюксенский округ;11
Нюрбинский район;69
Нязепетровский муниципальный район;85
Няндомский округ;3
Обливский район;64
Облученский муниципальный район;17
Обоянский район;35
Овюрский район;62
Одесский муниципальный район;47
Одинцовский городской округ;41
Озерский муниципальный округ;23
Озинский муниципальный район;68
Оймяконский район;69
Окинский район;8
Оконешниковский муниципальный район;47
Округ Муром;9
Октябрьский муниципальный округ;52
Октябрьский муниципальный район;2
Октябрьский муниципальный район;17
Октябрьский муниципальный район;30
Октябрьский муниципальный район;83
Октябрьский муниципальный район;85
Октябрьский район;35
Октябрьский район;48
Октябрьский район;57
Октябрьский район;64
Окуловский муниципальный район;45
Олёкминский район;69
Оленекский район;69
Оленинский муниципальный округ;76
Оловяннинский муниципальный район;18
Олонецкий национальный муниципальный район;27
Ольгинский муниципальный округ;52
Ольский район;39
Ольховатский р-н;12
Ольхонский район;21
Омский муниципальный район;47
Омсукчанский район;39
Омутинский муниципальный район;79
Омутнинский район;29
Онгудайский район;55
Онежский район;3
Ононский муниципальный округ;18
Опаринский муниципальный округ;29
Опочецкий район;53
Орджоникидзевский район;63
Ординский муниципальный округ;51
Ордынский район;46
Оренбургский район;48
Орехово-Зуевский городской округ;41
Оричевский район;29
Орловский МО;49
Орловский район;29
Орловский район;64
Оршанский район;59
Осинниковский городской округ;28
Осинский район;21
Осташковский городской округ;76
Островский муниципальный округ ;30
Островский район;53
Острогожский р-н;12
Отрадненский муниципальный район;31
Охотский район;82
п. Агинское;18
Павинский муниципальный округ;30
Павлово-Посадский городской округ;41
Павловский муниципальный округ;44
Павловский муниципальный район;31
Павловский муниципальный район;81
Павловский р-н;12
Павловский район;1
Павлоградский муниципальный район;47
Палехский район;20
Палехский район ;20
Палкинский район;53
Панинский р-н;12
Панкрушихинский район;1
Парабельский район;77
Параньгинский район;59
Партизанский городской округ;52
Партизанский муниципальный район;52
Партизанский район;32
Парфеньевский муниципальный округ;30
Парфинский муниципальный район;45
Пачелмский;50
Пенжинский муниципальный район;25
Пензенский;50
Пеновский муниципальный округ;76
Первомайский;90
Первомайский МО;75
Первомайский район;1
Первомайский район;48
Первомайский район;33
Первомайский район;77
Перевальский район;38
Переволоцкий район;48
Перелюбский муниципальный район;68
Перемышльский район;24
Переславль;90
Пермский муниципальный округ;51
Пестовский муниципальный район;45
Пестравский муниципальный район;66
Пестречинский район;61
Пестяковский район;20
Песчанокопский район;64
Петровск-Забайкальский муниципальный район;18
Петровский МО;75
Петровский муниципальный район;68
Петроградский район;67
Петродворцовый район;67
Петрозаводский городской округ;27
Петропавловск-Камчатский ГО;25
Петропавловский р-н;12
Петропавловский район;1
Петуховский муниципальный округ;34
Петушинский район;9
Печенгский муниципальный округ;42
Печорский район;53
Пижанский муниципальный округ;29
Пий-Хемский район;62
Пильнинский муниципальный округ;44
Пинежский район;3
Пионерский городской округ;23
Пировский муниципальный округ;32
Пителинский район;65
Питерский муниципальный район;68
Питкярантский муниципальный округ;27
Питкярантский муниципальный район;27
Пичаевский МО;75
Пластовский муниципальный район;85
Плесецкий округ;3
Плюсский район;53
Поворинский р-н;12
Погарский район;7
Пограничный муниципальный округ;52
Подведомственные ОУ;68
Подгоренский р-н;12
Поддорский муниципальный район;45
Подольск городской округ;41
Подосиновский район;29
Подпорожский муниципальный район;36
Пожарский муниципальный округ;52
Покровский район;49
Полесский муниципальный округ;23
Половинский муниципальный округ;34
Полтавский муниципальный район;47
Полысаевский городской округ;28
Поназыревский муниципальный округ;30
Пономаревский район;48
Поныровский район;35
Порецкий муниципальный округ;87
Порховский район;53
Поспелихинский район;1
Похвистневский муниципальный район;66
Почепский район;7
Починковский муниципальный округ;44
Починковский район;73
Пошехонский;90
Правдинский муниципальный округ;23
Правобережный муниципальный район;60
Предгорный муниципальный округ;74
Приаргунский муниципальный округ;18
Прибайкальский район;8
Приволжский муниципальный район;4
Приволжский муниципальный район;66
Приволжский район;20
Пригородный муниципальный район;60
Прикубанский муниципальный район;26
Приморский округ;3
Приморский район;67
Приморско-Ахтарский муниципальный район;31
Приозерский муниципальный район;36
Прионежский муниципальный район;27
Пристенский район;35
Притобольный муниципальный округ;34
Приютненский район;57
Провиденский городской округ;88
Прокопьевский городской округ;28
Прокопьевский муниципальный округ;28
Пролетарский район;64
Промышленновский муниципальный округ;28
Пронский район;65
Протвино городской округ;41
Прохладненский муниципальный район;22
Прохоровский район;6
Пряжинский национальный муниципальный район;27
Псковский район;53
Пугачевский муниципальный район;68
Пудожский муниципальный район;27
Пустошкинский район;53
Путятинский район;65
Пучежский район;20
Пушкиногорский район;53
Пушкинский городской округ;41
Пушкинский район;67
Пущино городской округ;41
Пыталовский район;53
Пыщугский муниципальный округ;30
р.п. Колывань;46
р.п. Кольцово;46
рабочий поселок Прогресс;2
Радищевский муниципальный район;81
Раздольненский район;33
Район имени Лазо;82
Район имени Полины Осипенко;82
Ракитянский район;6
Раменский городской округ;41
Рамешковский муниципальный округ;76
Рамонский р-н;12
Рассказовский МО;75
Ребрихинский район;1
Ремонтненский район;64
Репьёвский;12
Реутов городской округ;41
Ржаксинский МО;75
Ржевский муниципальный округ;76
Ровенский муниципальный район;68
Ровеньский район;6
Рогнединский район;7
Родинский район;1
Родионово-Несветайский район;64
Родниковский  район;20
Родниковский район;20
Родниковский район ;20
Романовский муниципальный район;68
Романовский район;1
Ромненский муниципальный округ;2
Ромодановский район;40
Рославльский район;73
Россошанский р-н;12
Ростовский;90
Ртищевский муниципальный район;68
Рубцовский район;1
Руднянский район;73
Рузаевский район;40
Рузский городской округ;41
Русско-Полянский муниципальный район;47
Рутульский муниципальный район;15
Рыбинск;90
Рыбинский;90
Рыбинский район;32
Рыбно-Слободский район;61
Рыбновский район;65
Рыльский район;35
Ряжский район;65
Рязанский район;65
Сабинский район;61
Савинский район;20
Сакмарский район;48
Сакский район;33
Салаватский муниципальный район;5
Сальский район;64
Самойловский муниципальный район;68
Сампурский МО;75
Сандовский муниципальный округ;76
Санчурский муниципальный округ;29
Сапожковский район;65
Сараевский район;65
Саракташский район;48
Сарапульский район;80
Саргатский муниципальный район;47
Сармановский район;61
Сарпинский район;57
Сасовский район;65
Саткинский муниципальный район;85
Сафакулевский муниципальный округ;34
Сафоновский район;73
Саянский район;32
Сватовский район;38
Свердловский район;38
Свердловский район;49
Светлинский район;48
Светловский городской округ;23
Светлогорский городской округ;23
Свечинский муниципальный округ;29
Свободненский муниципальный район;2
Себежский район;53
Северный район;46
Северный район;48
Северо-Байкальский район;8
Северо-Енисейский район;32
Северский муниципальный район;31
Севский район;7
Сегежский муниципальный район;27
Седельниковский муниципальный район;47
Селемджинский муниципальный район;2
Селенгинский район;8
Селивановский район;9
Селижаровский муниципальный округ;76
Селтинский район;80
Семикаракорский район;64
Семилукский р-н;12
Сенгилеевский муниципальный район;81
Сергачский муниципальный округ;44
Сергиево-Посадский городской округ;41
Сергиевский муниципальный район;66
Сергокалинский муниципальный район;15
Сердобский;50
Серебряные Пруды городской округ;41
Серноводский муниципальный район;86
Сернурский район;59
Серпухов городской округ;41
Серышевский муниципальный округ;2
Сеченовский муниципальный округ;44
Сивинский муниципальный округ;51
Симферопольский район;33
Скадовский МО;84
Сковородинский муниципальный округ;2
Скопинский район;65
Славский муниципальный округ;23
Славяносербский район;38
Славянский муниципальный район;31
Сладковский муниципальный район;79
Сланцевский муниципальный район;36
Слободо-Туринский муниципальный район;71
Слободской район;29
Слюдянский район;21
Смидовичский муниципальный район;17
Смоленский район;1
Смоленский район;73
Собинский район;9
Соболевский муниципальный район;25
Советский городской округ;23
Советский муниципальный район;68
Советский муниципальный район;83
Советский район;1
Советский район;29
Советский район;35
Советский район;59
Советский район;64
Советский район ;33
Советско-Гаванский район;82
Сокольский округ;11
Солецкий муниципальный округ;45
Солигаличский муниципальный округ;30
Солнечногорск городской округ;41
Солнечный район;82
Солнцевский район;35
Солонешенский район;1
Солтонский район;1
Соль-Илецкий городской округ;48
Сонковский муниципальный округ;76
Сорокинский муниципальный район;79
Сорочинский городской округ;48
Сортавальский муниципальный район;27
Сосковский район;49
Сосновоборский;50
Сосновоборский городской округ;36
Сосновский МО;75
Сосновский муниципальный округ;44
Сосновский муниципальный район;85
Спас-Деменский район;24
Спасский;50
Спасский муниципальный округ;44
Спасский муниципальный район;52
Спасский район;61
Спасский район;65
Спировский муниципальный округ;76
Среднеканский район;39
Среднеколымский район;69
Сретенский муниципальный район;18
Ставропольский муниципальный район;66
Станично-Луганский район;38
Становлянский округ;37
Старицкий муниципальный округ;76
Старобельский район;38
Старобешевский район;16
Стародубский муниципальный округ;7
Старожиловский район;65
Старокулаткинский муниципальный район;81
Старомайнский муниципальный район;81
Староминский муниципальный район;31
Старооскольский ГО;6
Старорусский муниципальный район;45
Старошайговский район;40
Староюрьевский МО;75
Степновский муниципальный округ;74
Стерлибашевский муниципальный район;5
Стерлитамакский муниципальный район;5
Струго-Красненский район;53
Ступино городской округ;41
Суджанский район;35
Судиславский муниципальный район;30
Суетский район;1
Суздальский район;9
Суземский район;7
Сузунский район;46
Сулейман-Стальский муниципальный район;15
Сунженский муниципальный район;56
Сунский район;29
Сунтарский район;69
Суоярвский муниципальный округ;27
Суражский район;7
Сургутский муниципальный район;83
Сурский муниципальный район;81
Сусанинский муниципальный район;30
Сусуманский район;39
Сут-Хольский район;62
Сухиничский район;24
Сухобузимский район;32
Сызранский муниципальный район;66
Сычёвский район;73
Сюмсинский район;80
Сямженский округ;11
Табасаранский муниципальный район;15
Таборинский муниципальный район;71
Табунский район;1
Таврический муниципальный район;47
Тайгинский городской округ;28
Таймырский Долгано-Ненецкий муниципальный район;32
Тайшетский район;21
Талдомский городской округ;41
Таловский р-н;12
Тальменский район;1
Тамалинский;50
Тамбовский МО;75
Тамбовский муниципальный округ;2
Тандинский район;62
Тарасовский район;64
Тарбагатайский район;8
Тарногский округ;11
Тарский муниципальный район;47
Тарумовский муниципальный район;15
Тарусский район;24
Тасеевский район;32
Татарский район;46
Татищевский муниципальный район;68
Таттинский район;69
Татышлинский муниципальный район;5
Тахтамукайский район;54
Тацинский район;64
Ташлинский район;48
Таштагольский муниципальный район;28
Таштыпский район;63
Тбилисский муниципальный район;31
Тевризский муниципальный район;47
Тегульдетский район;77
Тейковский район;20
Тельмановский район;16
Темкинский район;73
Темниковский район;40
Темрюкский муниципальный район;31
Теньгушевский район;40
Тенькинский район;39
Тербунский район;37
Тере-Хольский район;62
Тереньгульский муниципальный район;81
Тернейский муниципальный округ;52
Терновский р-н;12
Терский муниципальный район;22
Терский район;42
Тес-Хемский район;62
Тетюшский район;61
Теучежский район;54
Тигильский муниципальный район;25
Тимашевский муниципальный район;31
Тимский район;35
Тисульский муниципальный округ;28
Тихвинский муниципальный район;36
Тихорецкий муниципальный район;31
Тляратинский муниципальный район;15
Тобольский муниципальный район;79
Тогульский район;1
Тогучинский район;46
Тоджинский район;62
Токаревский МО;75
Токмакский район;19
Томпонский район;69
Томский район;77
Тонкинский муниципальный округ;44
Тоншаевский муниципальный округ;44
Топкинский муниципальный округ;28
Топчихинский район;1
Торбеевский район;40
Торжокский муниципальный район;76
Торопецкий муниципальный округ;76
Тосненский муниципальный район;36
Тотемский округ;11
Тоцкий район;48
Третьяковский район;1
Троицкий муниципальный район;85
Троицкий район;1
Троснянский район;49
Трубчевский район;7
Труновский муниципальный округ;74
Туапсинский муниципальный район;31
Тугуро-Чумиканский район;82
Тужинский район;29
Туймазинский муниципальный район;5
Тукаевский район;61
Тулунский район;21
Тульская область;78
Тунгокочеснкий муниципальный район;18
Тункинский район;8
Туркменский муниципальный округ;74
Турковский муниципальный район;68
Турочакский район;55
Туруханский район;32
Тутаевский;90
Тындинский муниципальный округ;2
Тюкалинский муниципальный район;47
Тюльганский район;48
Тюлячинский район;61
Тюменский муниципальный район;79
Тюменцевский район;1
Тюхтетский муниципальный округ;32
Тяжинский муниципальный округ;28
Убинский район;46
Уваровский МО;75
Уватский муниципальный район;79
Увельский муниципальный район;85
Увинский район;80
Угличский;90
Угловский район;1
Угранский район;73
Удомельский городской округ;76
Ужурский район;32
Уинский муниципальный округ;51
Уйский муниципальный район;85
Улаганский район;55
Улётовский муниципальный район;18
Улуг-Хемский район;62
Ульчский район;82
Ульяновский муниципальный район;81
Ульяновский район;24
Уметский МО;75
Унечский муниципальный район;7
Унинский муниципальный округ;29
Унцукульский муниципальный район;15
Упоровский муниципальный район;79
Урванский муниципальный район;22
Уренский муниципальный округ;44
Уржумский район;29
Урицкий район;49
Урмарский муниципальный округ;87
Урупский муниципальный район;26
Урус-Мартановский муниципальный район;86
Усвятский район;53
Усманский район;37
Усольский район;21
Успенский муниципальный район;31
Уссурийский городской округ;52
Усть-Абаканский район;63
Усть-Алданский район;69
Усть-Большерецкий муниципальный район;25
Усть-Джегутинский муниципальный район;26
Усть-Донецкий район;64
Усть-Илимский район;21
Усть-Ишимский муниципальный район;47
Усть-Калманский район;1
Усть-Камчатский муниципальный район;25
Усть-Канский район;55
Усть-Коксинский район;55
Усть-Кубенский округ;11
Усть-Кубинский округ;11
Усть-Кутский район;21
Усть-Лабинский муниципальный район;31
Усть-Майский район;69
Усть-Пристанский район;1
Усть-Таркский район;46
Усть-Удинский район;21
Усть-Янский район;69
Устьянский округ;3
Устюженский округ;11
Уфимский муниципальный район;5
Ухоловский район;65
Учалинский муниципальный район;5
Уярский район;32
Фаленский муниципальный округ;29
Фатежский район;35
Федоровский муниципальный район;68
Фёдоровский муниципальный район;5
Ферзиковский район;24
Фировский муниципальный округ;76
Фрунзенский район;67
Фрязино городской округ;41
Фурмановский район;20
Хабаровский район;82
Хабарский район;1
Хабезский муниципальный район;26
Хайбулинский муниципальный район;5
Хангаласский район;69
Ханкайский муниципальный округ;52
Ханты-Мансийский муниципальный район;83
Харабалинский муниципальный район;4
Харовский округ;11
Хасавюртовский муниципальный район;15
Хасанский муниципальный округ;52
Хасынский район ;39
Хвалынский муниципальный район;68
Хвастовичский район;24
Хвойнинский муниципальный район;45
Хворостянский муниципальный район;66
Херсонский ГО;84
Хивский муниципальный район;15
Хилокский муниципальный район;18
Химки городской округ;41
Хиславичский район;73
Хлевенский район;37
Холм-Жирковский район;73
Холмогорский округ;3
Холмский муниципальный район;45
Хомутовский район;35
Хоринский район;8
Хорольский муниципальный округ;52
Хотынецкий район;49
Хохольский р-н;12
Хунзахский муниципальный район;15
Целинный муниципальный округ;34
Целинный район;1
Целинный район;57
Целинский район;64
Центральный район;67
Цивильский муниципальный округ;87
Цильнинский муниципальный район;81
Цимлянский район;64
Цумадинский муниципальный район;15
Цунтинский муниципальный район;15
Чаа-Хольский район;62
Чагодощенский округ;11
Чаинский район;77
Чамзинский район;40
Чановский район;46
Чаплыгинский район;37
Чаплынский МО;84
Чародинский муниципальный район;15
Чарышский район;1
Частинский муниципальный округ;51
Частоозерский муниципальный округ;34
Чебаркульский муниципальный район;85
Чебоксарский муниципальный округ;87
Чебулинский муниципальный округ;28
Чегемский муниципальный район;22
Чеди-Хольский район;62
Чекмагушевский муниципальный район;5
Челно-Вершинский муниципальный район;66
Чемальский район;55
Чердаклинский муниципальный район;81
Черекский муниципальный район;22
Черемисиновский район;35
Черемховский район;21
Черемшанский район;61
Черепановский район;46
Череповецкий район;11
Черлакский муниципальный район;47
Черниговский муниципальный район;52
Черноголовка городской округ;41
Черноземельский район;57
Черноморский район;33
Черноярский муниципальный район;4
Чернышевский муниципальный район;18
Чернянский район;6
Черняховский муниципальный округ;23
Чертковский район;64
Чесменский муниципальный район;85
Чехов городской округ;41
Чистоозёрный район;46
Чистопольский район;61
Читинский муниципальный район;18
Чишминский муниципальный район;5
Чойский район;55
Чугуевский муниципальный округ;52
Чудовский муниципальный район;45
Чукотский муниципальный район;88
Чулымский район;46
Чунский район;21
Чурапчинский район;69
Чухломский муниципальный район;30
Чучковский район;65
Шабалинский район;29
Шаблыкинский район;49
Шадринский муниципальный округ;34
Шалинский муниципальный район;86
Шамильский муниципальный район;15
Шарангский муниципальный округ;44
Шаранский муниципальный район;5
Шарканский район;80
Шарлыкский район;48
Шаройский муниципальный район;86
Шарыповский муниципальный округ;32
Шарьинский муниципальный район;30
Шатковский муниципальный округ;44
Шатойский муниципальный район;86
Шатровский муниципальный округ;34
Шатура городской округ;41
Шаховская городской округ;41
Шацкий район;65
Шебалинский район;55
Шебекинский ГО;6
Шегарский район;77
Шекснинский район;11
Шелаболихинский район;1
Шелеховский район;21
Шелковской муниципальный район;86
Шелопугинский муниципальный район;18
Шемуршинский муниципальный округ;87
Шемышейский;50
Шенкурский округ;3
Шенталинский муниципальный район;66
Шербакульский муниципальный район;47
Шигонский муниципальный район;66
Шилкинский муниципальный район;18
Шиловский район;65
Шимановский муниципальный округ;2
Шимский муниципальный район;45
Шипуновский район;1
Ширинский район;63
Шкотовский муниципальный округ;52
Шовгеновский район;54
Шолоховский район;64
Шпаковский муниципальный округ;74
Шуйский район;20
Шумерлинский муниципальный округ;87
Шумихинский муниципальный округ;34
Шумячский район;73
Шушенский район;32
Щелково городской округ;41
Щербиновский муниципальный район;31
Щигровский район;35
Щучанский муниципальный округ;34
Эвенкийский муниципальный район;32
Эвено-Бытантайский район;69
Электросталь городской округ;41
Эльбрусский муниципальный район;22
Энгельсский муниципальный район;68
Эрзинский район;62
Эртильский р-н;12
Эхирит-Булагатский район;21
Южский район;20
Юкаменский район;80
Юргамышский муниципальный округ;34
Юргинский городской округ;28
Юргинский муниципальный округ;28
Юргинский муниципальный район;79
Юринский район;59
Юрлинский муниципальный округ;51
Юрьев-Польский;9
Юрьевецкий район;20
Юрьянский район;29
Юстинский район;57
Юсьвинский муниципальный округ;51
Ютазинский район;61
Юхновский район;24
Ягоднинский район;39
Ядринский муниципальный округ;87
Яйский муниципальный округ;28
Яковлевский ГО;6
Яковлевский муниципальный район;52
Якшур-Бодьинский район;80
Ялуторовский муниципальный район;79
Яльчикский муниципальный округ;87
Янаульский муниципальный район;5
Янтарный городской округ;23
Янтиковский муниципальный округ;87
Яранский район;29
Ярковский муниципальный район;79
Ярославль;90
Ярославский;90
Ярский район;80
Ярцевский район;73
Ясненский городской округ;48
Яшалтинский район;57
Яшкинский муниципальный округ;28
Яшкульский район;57